Most Common Word,Permutation/Doubled Letter Removal
that,taht
from,form
free,fere
their,thier
there,three
business,buisness
first,frist
just,jsut
last,lsat
available,avaliable
read,raed
university,univeristy
part,prat
could,cloud
united,untied
because,becuase,beacuse,becasue
area,aera
reserved,reversed
women,wemon
members,membres
download,donwload,downlaod
pictures,pictuers
board,broad
hours,horus
course,crusoe,crouse
point,pinot
sales,seals
start,strat
accessories,accessoires
offers,offres
field,filed,flied
girls,grils
latest,lestat
texas,taxes
groups,grupos
files,flies,felis
space,scape
porn,pron
stories,sorties
safety,saftey
friends,finders,freinds
cars,cras
past,psat
resource,recourse
true,ture
videos,vidoes
fact,fcat
unit,uint
deals,dales
commercial,commerical
received,recieved
girl,gril
receive,recieve
michael,micheal
created,catered
port,prot
lines,liens
believe,beleive
silver,sliver
jewelry,jewlery,jewerly
lesbian,lesbain
asian,asain
cnet,cent
perfect,prefect
tree,tere
modern,morden
trial,trail
enterprise,entreprise
pass,psas
expected,excepted
grade,garde
panel,penal
boards,broads
parties,pirates
born,bron
except,expect
incest,insect
sets,stes
repair,rapier
paris,pairs
farm,fram
agree,agere
goes,geos
demand,damned
piece,peice
goal,gaol
lives,levis
amateur,amatuer
canon,conan
letters,lettres
mass,msas
fuck,fcuk
creating,catering
sorted,stored
tours,torus
marine,marnie
porno,prono
intended,indented
mental,mantel
centers,centres
reserve,reverse
camp,cmap
codes,coeds
teams,temas
senate,santee
tried,tired
brain,brian
flower,fowler
felt,flet
bear,baer
gain,gian
signs,sings
anime,amine
portal,patrol
performed,preformed
davis,divas
daniel,denial
bars,bras
scene,sence
enterprises,entreprises
phoenix,pheonix
shares,shears
voyeur,voyuer,vouyer
adobe,abode
drives,divers
feeling,fleeing
rain,rian
prescription,perscription
bedroom,boredom
conservation,conversation
salt,slat
receiving,recieving
lesbians,lesbains
spread,spared
plain,palin
border,broder
linear,lanier
bears,bares
pure,prue
begins,beings
alerts,alters
suck,scuk
storm,strom
delay,daley
gray,gary
chicken,checkin
resorts,rosters
forth,froth
gateway,getaway
split,spilt
router,retour
penis,pines
gardens,grandes
heads,hades
density,destiny
meant,manet
roman,ramon
dragon,dorgan
captain,capitan
rail,rial
bestiality,beastility
dial,dail
lounge,longue
proteins,pointers
lies,leis
breaks,brakes,bakers
streets,setters
rhode,rohde
spaces,scapes
escape,espace
receiver,reciever
trials,trails
masters,matress
lakes,leaks
diary,dairy
shooting,soothing
abroad,aboard
farmers,framers
globe,goble
pdas,pads
plates,petals,pleats
casual,causal
smile,slime
partly,paltry
angels,angles
complaint,compliant
burn,brun
bread,beard,bared
bukkake,bukakke
reserves,reverses
hearts,haters
carter,crater
silk,slik
compiled,complied
manga,magna
caps,cpas
aims,amis
corp,crop
median,maiden
guns,gnus
binary,brainy
feels,flees
corps,crops
singer,signer
vast,vsat
jeans,janes
wrap,warp
framed,farmed
ncaa,naca
blogging,boggling
weird,wired,wierd
lion,loin
meals,males
meters,metres
neil,niel
carol,coral
corn,cron
slave,salve
trek,terk
floral,forall
neutral,naturel
spears,spares
brad,bard
tail,tial
toner,tenor
singing,signing
spots,stops
salon,sloan
cure,crue
panels,planes
tongue,tounge
bowling,blowing
gauge,guage
macro,marco
fingers,fringes
theaters,theatres
burns,bruns
sacred,scared
clone,colne
relay,realy
tears,treas
baseline,balinese
barnes,branes
solaris,sailors
cups,cpus
preserve,perverse
tribune,turbine
forests,fosters
martial,marital
genres,greens
brunette,burnette
bios,bois
bare,brae
sluts,sults
elvis,evils
jamie,jaime
jeffrey,jeffery
tries,tires,tiers
raid,riad
decent,decnet
carlos,carols,corals
fired,fried
suits,situs
trades,treads
handled,hedland
calm,clam
burton,bruton
farming,framing
troy,tory
tray,tary
grab,garb
trap,tarp
observe,obverse
dies,deis
ronald,roland
biol,boil
skins,sinks
poly,ploy
ears,eras
crap,carp
earl,eral
eternal,enteral
milan,malin
lions,loins
pools,polos
chambers,chambres
burner,bruner
saints,stains
diana,dania
barely,barley
voyeurweb,voyuerweb
consoles,coolness
kilometers,kilometres
coordinates,carotenoids
satin,stain
drain,darin
fires,fries
circles,clerics
beats,bates,betas
altered,alerted
trainers,terrains
fears,fares
acne,ance
curtis,citrus
parental,prenatal,paternal
broader,boarder
rouge,rogue
striking,skirting
restored,resorted
msie,mise
barn,bran
pierce,peirce
carb,crab
mats,mtas
receivers,recievers
suited,setuid
skating,staking
grad,gard
clara,carla
garcia,gracia
titled,tilted
lanes,leans
condos,codons
trauma,tamura
souls,solus
spine,snipe
gerald,glared
intranet,internat
badly,baldy
grenada,gardena
carlo,claro
bolt,blot
peers,peres
beastality,beastialty
notre,norte
stripes,sprites
flour,fluor
spas,saps
bent,bnet
stake,skate
sorting,storing
demos,domes
resin,risen
linen,lenin
expecting,excepting
amateurs,amatuers,amatures
crane,carne
khan,kahn
caller,cellar
korn,kron
soils,solis,silos
swan,sawn
barcode,brocade
cest,cset
sits,stis
diaries,dairies
spite,stipe
crashes,chasers
byron,bryon
critic,citric
cobra,corba
gals,glas
atoms,atmos
pirate,partie,priate
bowls,blows
rises,reiss
sourcing,scouring
fairs,faris,frais
inst,isnt
singers,signers
stripe,sprite
cigar,cgiar
erie,eire
curse,cruse
portals,patrols
moines,monies
slate,stale
scouts,scotus
stakes,skates,steaks
clare,carle
bolts,blots
sang,snag
sata,staa
traps,tarps
torn,tron
bark,brak
listener,leinster
aires,aries
baron,broan
noah,naoh
daniels,denials
macros,marcos
dues,deus
pres,pers
fibers,fibres
throne,thorne
fiat,fait
toons,tonos
eternity,entirety
bart,brat
poses,pesos
akron,arkon
sung,snug
charters,chartres
burnt,brunt
robbins,ribbons
spicy,scipy
sheila,shelia
dion,doin
lien,lein
macs,mcas
cohort,chroot
soho,shoo
cutlery,cruelty
unisex,usenix
unrelated,unaltered
pans,pnas
lesions,lioness
patron,parton
mates,meats
restoring,resorting
cary,cray
flea,fela
pals,plas
brendan,branden
carte,crate
readme,remade
enquire,enrique
mains,minas
chasing,cashing
cues,ceus
colt,clot
converse,conserve
hier,heir
porto,proto
snakes,sneaks
mirage,margie
fiberglass,fibreglass
vail,vial
viola,voila
gateways,getaways
carving,craving
bert,bret
cmos,coms
ropes,repos
commentaries,commentaires
slept,spelt
timers,timres
painters,pertains
branson,brosnan
brit,birt
prac,parc
veins,vines
badger,bagder
fread,fared
ribs,rbis
kristen,kirsten,kerstin
fled,feld
wears,wares
chickens,checkins
levin,liven
burt,brut
goats,gatos
tort,trot
polite,pilote
salts,slats
steroid,storied
colts,clots
hates,heats
stair,sitar
theres,threes
yates,yeats
cavalry,calvary
veil,viel
tres,ters
apis,aips
pedals,pleads
jonas,janos
densities,destinies
adler,alder
finely,finley
altering,alerting
anders,andres
fern,fren
reits,rites
wien,wein
hires,heirs
complies,compiles
berlios,boilers
persist,pressit
liar,lair
greet,geert
litres,liters
pulses,pluses
blower,bowler
bern,bren
sont,snot
physiopathology,pathophysiology
hears,hares
carbs,crabs
tracey,treacy
savior,savoir
baht,bhat
piles,plies
resistor,rossiter
spans,snaps
steals,slates
openid,opined
tran,tarn
barking,braking
dread,dared
stab,satb
slater,salter
tetris,titres,titers
fined,fiend
bien,bein
sails,silas
latinos,lations
binutils,builtins
haley,healy
breads,beards
mpaa,mapa
bengals,bangles
patel,petal
matic,mitac
callers,cellars
mater,metar
cranes,carnes
contours,croutons
kiln,klin
drains,dinars
fuss,fsus
snes,sens
morally,mallory
siebel,seibel
stitching,stichting
baird,braid
slit,silt
spins,snips
riaa,raia
lacoste,lactose
sourced,scoured
infarction,infraction
cavern,craven
thirst,tshirt
duet,deut
verdana,veranda
glider,gilder
wary,wray
isla,ilsa
derives,devries
combos,coombs
jain,jian
strut,sturt
sues,seus
reversing,reserving
slated,salted
maids,midas
pref,perf
airs,aris
resent,resnet
donnie,dionne
perm,prem
karin,kiran
pharaoh,pharoah
carly,clary
deans,danes
crave,carve
mein,mien
crore,corre
lures,leurs
inset,inest
marta,matra
lcds,ldcs
elise,elsie
pleas,pales
trad,tard
agro,argo
cours,corus
kroner,korner
castillo,callisto
sheen,sehen
specter,scepter
sligo,siglo
coasts,costas
toners,tenors
niles,niels
lander,ladner
pliers,perils
saliva,salvia
melton,molten
patsy,pasty
piers,preis,pires
bain,bian
sunos,sonus
goblin,globin
burnaby,banbury
centerville,centreville
aire,arie
fart,frat
reeds,redes
merton,morten
garter,grater
chased,cashed
skaters,streaks
forester,foerster
rein,rien
weiner,wiener
kristy,kirsty
hereto,hetero
romana,ramona
sandler,slander
ayers,ayres
valera,varela
wenger,wegner
crohn,chron
loire,lorie
firth,frith
crates,caters,cartes
coders,cordes
koran,karon
cassie,caisse
trois,trios
climates,clematis
spectre,sceptre
primes,permis
sault,salut
shih,sihh
mantis,maints
arco,acro
carvings,cravings
bulge,bugle
blasen,beslan
alternet,alertnet
dearly,delray,darley
greats,grates
bearded,breaded
blowers,bowlers
fielder,fiedler
sorta,stora
liang,laing
nema,nmea
torment,tremont
etsi,esti
canes,cenas
skool,sokol
crease,cesare
eide,edie
thrones,thorens
piled,plied
conserving,conversing
andere,andree
livres,livers
mites,metis
choo,coho
lian,lain
carer,crear
mares,mears
keats,kates
huston,hutson
plame,palme
soften,sefton
calico,calcio
corral,carrol
forested,fostered
heresy,hersey
falk,flak
jeannie,jeanine
discos,docsis
clams,calms
reis,ries
groton,gorton
pietro,prieto
cleary,carley
alesis,aisles
vials,vilas
jornada,jordana
kiel,keil
dias,dais
iata,itaa
bottling,blotting
rushes,rhesus
sabres,sabers
wham,wahm
barm,bram
bowles,bowels
bales,beals
dfes,defs
filer,flier
irina,inria
feats,fates
cairn,crain
galen,glean
titre,trite
blige,bilge
landis,lindas
todas,toads
tern,tren
heals,hales
wiseman,weisman
reared,reread
centimeters,centimetres
prado,pardo
ziegler,zeigler
portege,protege
mbas,mabs
gliders,girdles
wieder,weider
truely,turley
ardent,arendt
tilting,titling
spacers,scrapes
geol,goel
juanita,juniata
gilded,glided
whelan,whalen
lowes,loews
meas,maes
mutiny,munity
brac,barc
retires,retries
khoa,koha
uncredited,undirected
fuchsia,fuschia
seashore,seahorse
mohan,mahon
tian,tain
blisters,bristles
plotters,portlets
nickels,nickles
cordial,cardiol
pram,parm
perc,prec
terme,treme
clas,cals
nagy,ngay
modena,moneda
katana,kanata
anima,amina
sehr,sher
haworth,howarth
forme,frome
clos,cols
spines,snipes
beggar,bagger
baise,basie
snooper,spooner
goran,groan
dares,dears
mcat,mact
maidens,medians
sturm,strum
pias,pais
fliers,filers
artnet,arnett
cedars,cadres
sheeting,seething
tien,tein
aitken,aktien
dios,dois
braden,barden
friars,farris
creston,corsten
patina,pinata
kohn,khon
craters,carters
ronaldo,rolando
larue,laure
ciel,ceil
creeps,crepes
gnat,gant
availablity,availabilty
pert,pret
arpa,apra
frac,farc
moans,manos
gere,gree
moins,minos
vere,vree
preamps,pampers
sdio,sido
worx,wrox
wardens,wanders
miki,mkii
glues,gules
blaise,basile
platz,paltz
dbus,dubs
dian,dain
straus,sutras
milder,midler
rtos,rots
avent,avnet
neilson,nielson
mrnas,mnras
rinehart,reinhart
perk,prek
rimes,reims
cobbler,clobber
pent,pnet
worldpay,wordplay
garber,graber
deutsches,deschutes
fois,fios
kiley,kiely
rani,rnai
cpap,capp
ards,adrs
agarwal,agrawal
mcad,macd
fete,ftee
presente,pretense
vitreous,voitures
tarmac,tamrac
dods,ddos
saml,smal
crud,curd
sian,sain
sats,stas
amines,amiens,animes
creat,caret
catagories,categorias
tdma,tmda
cerf,cref
mellor,moller
saleh,selah
tiresome,timorese
valery,varley
niven,nevin
luminaries,luminaires
megane,menage
brats,barts
widener,weidner
widens,widnes
murata,matura
wither,whiter
hazelton,hazleton
brads,bards
aime,amie
enos,eons
manoa,moana
carnivorous,coronavirus
greig,grieg
nits,ntis
singin,signin
atco,acto
simile,smilie
matron,marton
maldive,midvale
cuss,csus
craniata,catarina
whol,wohl
defiantly,definatly
freda,fedra
vireo,verio
dien,dein
sortie,storie
meltzer,metzler
cels,cles
usta,utsa
seabirds,sidebars
cela,clea
quarto,quatro
nitrox,notrix
greiner,grenier
chir,cihr
stasis,sistas
muang,maung
corman,camron
cravers,carvers
cran,carn
haveing,heaving
enlarger,erlanger
kristie,kirstie
melina,milena
adelman,almaden
caledon,celadon
miao,maio
weiland,wieland
clamor,colmar
gutsy,gusty
dimers,dermis
siebert,seibert
enlace,elance
gar,garr
galerie,gallerie
grove,groove
gallery,galery
shana,shanna
accommodate,accomodate
fox,foxx
ines,innes
goddard,godard
britain,brittain
davies,daviess
commercio,comercio
efi,effi
glug,gllug
dunn,dun
pooh,poh
shot,shoot
fee,ffee
ipc,ipcc
abe,abbe
soon,son
moor,mor
taper,tapper
creed,cred
pittman,pitman
gap,gaap
matter,mater
attn,atn
gat,gatt
helsing,hellsing
dionne,dione
gilman,gillman
cookin,cokin
occurrence,occurence
little,litle
keg,kegg
hpa,hppa
dennis,denis
modeler,modeller
buf,buff
sheri,sherri
peri,perri
roommate,roomate
zzz,zzzz
dod,dood
jana,janna
bur,burr
loses,looses
goodwin,godwin
broom,brom
age,agee
orrin,orin
spill,spil
cotta,cota
ssr,sssr
rubble,ruble
got,gott
weeds,weds
tennis,tenis
ulrich,ullrich
villa,vila
taf,taff
cell,cel
abby,aby
fte,ftee
asso,aso
tops,topps
magnuson,magnusson
garrett,garret
mccauley,mcauley
careers,carers
staff,staf
moog,mog
retire,retiree
fred,freed
jeep,jep
ton,toon
xvi,xvii
leveled,levelled
neil,neill
cools,cols
imagine,immagine
nord,noord
paris,parris
eamon,eamonn
currie,curie
des,dees
miss,mis
data,datta
act,acct
buzz,buz
infocom,infocomm
seeger,seger
many,manny
hermann,herrmann
mage,magee
hella,hela
kiss,kis
summer,sumer
eeoc,eoc
susanna,susana
pose,posse
eesti,esti
fulfillment,fulfilment
brunner,bruner
hots,hoots
career,carer
royal,royall
guerrilla,guerilla
fulfills,fulfils
nikki,niki
erred,ered
maxis,maxxis
halliburton,haliburton
leela,lela
occurred,occured
kan,kann
kaufman,kaufmann
cliff,clif
cad,cadd
polls,pols
pity,pitty
pero,perro
pavilion,pavillion
robby,roby
piss,pis
giselle,gisele
beal,beall
dialing,dialling
alisa,alissa
being,beeing
sheer,sher
mana,manna
isa,issa
smoother,smother
mating,matting
brazil,brazzil
barnett,barnet
pillar,pilar
kip,kipp
moto,motto
dena,denna
mall,mal
roslyn,rosslyn
sitting,siting
traffic,trafic
mass,mas
boom,bom
riff,rif
bar,barr
needles,needless
been,ben
sten,stenn
professional,profesional
monterey,monterrey
lek,leek
ferre,fere
martel,martell
jenni,jeni
halo,hallo
ven,veen
ger,geer
jewel,jewell
darrell,darrel
vigo,viggo
threesomes,thresomes
usr,ussr
tree,tre
eps,epps
beatty,beaty
ser,seer
watts,wats
amon,ammon
connect,conect
cords,coords
signaling,signalling
anal,anaal
sonnet,sonet
ror,roor
tot,toot
tits,titts
siena,sienna
mena,meena
aba,abba
ces,cess
goods,gods
todd,tod
comma,coma
haters,hatters
godly,goodly
whe,whee
cam,camm
sparring,sparing
ata,atta
cos,coos
class,clas
emerson,emmerson
pel,pell
committee,commitee
xvi,xxvi
rim,rimm
newberry,newbery
dam,damm
marvelous,marvellous
rupp,rup
alle,allee
has,hass
hood,hod
cvs,cvss
chosen,choosen
finish,finnish
sot,soot
ugs,uggs
elliot,eliot
bets,betts
comms,coms
note,notte
cobble,coble
puts,putts
diane,dianne
waring,warring
rfe,rfee
apt,appt
baron,barron
est,eest
gin,ginn
mog,mmog
bath,baath
waging,wagging
base,basse
gustafson,gustafsson
ccna,cna
dis,diss
scot,scoot
capella,cappella
more,moree
erste,eerste
mitte,mittee
oed,oedd
jill,jil
soo,sooo
glass,glas
ragga,raga
aas,aaas
powerful,powerfull
arriba,ariba
pool,pol
ruse,russe
llvm,lvm
tall,tal
riaa,ria
boobs,bobs
jax,jaxx
mmwr,mwr
installment,instalment
ato,atto
ierr,ier
talbot,talbott
triplet,triplett
yan,yann
millennia,millenia
para,parra
kat,katt
peking,peeking
boney,bonney
gaby,gabby
tips,tipps
nesbitt,nesbit
mateo,matteo
loom,lom
gen,geen
este,estee
tron,troon
litter,liter
filings,fillings
transex,transsex
moons,mons
occurring,occuring
come,comme
daniela,daniella
che,chee
mus,muss
cosa,coosa
hammer,hamer
min,minn
ece,ecce
male,malle
breastfeed,breastfed
lex,lexx
ani,anni
gon,goon
mess,mes
far,farr
graf,graaf
board,bboard
hol,holl
boot,bot
millennium,millenium
breen,bren
accom,accomm
japanese,japaneese
hilary,hillary
pipa,pippa
ammo,amo
hmmm,hmmmm
hussain,husain
roster,rooster
sds,sdss
mcdougall,mcdougal
referrers,referers
process,proces
erie,eerie
decca,deca
msm,mssm
mills,mils
marries,maries
dimms,dims
brass,bras
nem,neem
tattoos,tatoos
mit,mitt
seed,sed
dems,deems
adress,adres
nhs,nhhs
aniston,anniston
fta,ftaa
modeling,modelling
cds,ccds
kits,kitts
antenna,antena
terence,terrence
ntp,nntp
massa,masa
gill,gil
clap,clapp
hot,hott
shell,shel
sheep,shep
tsop,tssop
copa,coppa
transexuals,transsexuals
caps,capps
mortgage,mortgagee
kas,kass
programming,programing
fueling,fuelling
lynn,lyn
max,maxx
simmons,simons
bufing,buffing
tyrrell,tyrell
adl,addl
vom,voom
fuji,fujii
fins,finns
umm,ummm
gross,gros
travelers,travellers
corea,correa
vittoria,vitoria
douglas,douglass
bukkake,bukake
milli,mili
jewellery,jewelery
but,butt
ita,itaa
ncaa,nca
across,accross
hartman,hartmann
vips,vipps
dill,dil
grub,grubb
barring,baring
baker,bakker
xmms,xms
scots,scotts
anne,ane
apx,appx
marcella,marcela
sims,simms
hoffmann,hofmann
gaba,gabba
allah,allaah
hajj,haj
xii,xxii
watt,wat
jen,jenn
carey,carrey
foot,fot
lot,lott
mcallister,mcalister
mud,mudd
reel,rel
xxviii,xxxviii
trig,trigg
lama,llama
page,pagee
clr,cllr
uucp,ucp
dinners,diners
bachmann,bachman
dug,dugg
jeannie,jeanie
keel,kel
glen,glenn
hof,hoff
parish,parrish
asis,assis
preggo,prego
counseling,counselling
file,fille
teen,ten
acceso,accesso
shots,shoots
lessen,lesen
hater,hatter
diff,dif
later,latter
tunneling,tunnelling
beef,bef
ken,keen
glee,gle
tims,timms
write,wwrite
mattias,matias
nok,nook
amman,aman
breed,bred
pur,purr
barrett,barret
bleed,bled
sri,ssri
bet,beet
muse,musee
seek,sek
mason,masson
enrollments,enrolments
herman,hermann
belen,bellen
leech,lech
knots,knotts
eriksson,erikson
des,dess
andre,andree
scared,scarred
quell,quel
alright,allright
ina,inna
commercial,comercial
hoover,hover
lad,ladd
fmii,fmi
planners,planers
red,reed
nin,ninn
scrapped,scraped
aiff,aif
xviii,xvii
posi,possi
sid,ssid
profess,profes
farris,faris
ese,esse
counselors,counsellors
ericsson,ericson
barrack,barack
teens,tens
diana,dianna
nor,noor
targeted,targetted
fiance,fiancee
wit,witt
leer,ler
graf,graff
gobble,goble
merrill,merril
exon,exxon
moro,morro
mcdonnell,mcdonell
license,licensee
transferred,transfered
late,latte
pelle,pele
lena,leena
caddy,cady
lis,liss
intel,intell
malle,mallee
fdi,fddi
till,til
duggan,dugan
medalist,medallist
krauss,kraus
eco,ecco
della,dela
jane,janne
mutt,mut
boots,bots
dinner,diner
zinn,zin
dorman,doorman
mar,maar
bases,basses
bene,beene
flag,flagg
cris,criss
ros,roos
tuning,tunning
mmm,mmmm
grooves,groves
jar,jaar
stop,stoop
sar,saar
meet,met
gees,ges
cor,coor
guin,guinn
official,oficial
cooker,coker
peel,pel
waters,watters
off,ooff
tor,torr
getting,geting
sunny,suny
hon,hoon
gale,galle
van,vann
dos,doss
nikko,niko
mad,madd
cares,caress
car,carr
mcnabb,mcnab
mama,mamma
unrivaled,unrivalled
mohammad,mohamad
tranquility,tranquillity
eta,etta
saco,sacco
put,putt
gas,gass
barred,bared
commission,commision
bone,bonne
recommend,recomend
choose,chose
valle,vallee
recommended,recomended
proofs,profs
pfeiffer,pfeifer
piii,pii
kool,kol
luca,lucca
money,mooney
colin,collin
fell,fel
puss,pus
mila,milla
feeder,feder
ban,baan
xviii,xxviii
chin,chinn
dsc,dscc
titel,tittel
mata,matta
jon,joon
traveled,travelled
possess,posses
spoon,spon
franchise,franchisee
revaluation,reevaluation
hope,hoppe
flinn,flin
atwood,attwood
bop,boop
licenses,licensees
ken,kenn
fete,fette
awa,awwa
poor,por
dreyfus,dreyfuss
gert,geert
raf,raff
dog,dogg
oops,ops
pussy,pusy
lose,loose
google,gogle
floor,flor
moss,mos
transferring,transfering
vermilion,vermillion
arrl,arl
pia,piaa
pep,peep
barons,barrons
lot,loot
pon,poon
con,conn
marshall,marshal
assess,asses
mul,mull
mac,maac
renter,reenter
mariana,marianna
hsp,hssp
small,smal
chili,chilli
carroll,carrol
nut,nutt
academia,accademia
alan,allan
hot,hoot
tots,toots
britney,brittney
jeanette,jeannette
wtp,wwtp
lisa,lissa
quizzes,quizes
mello,melo
tones,tonnes
dodds,dods
mssql,msql
gena,geena
jeff,jef
wanna,wana
bib,bibb
peers,pers
cho,choo
bassett,basset
access,acces
cre,cree
lillian,lilian
hep,heep
par,parr
crosley,crossley
jammin,jamin
resources,ressources
haviland,havilland
juliana,julianna
aggressive,agressive
cum,ccum
dep,depp
cameron,cameroon
rooms,roms
amis,amiss
cory,corry
addr,adr
steen,sten
chubb,chub
aten,atten
yell,yel
adi,addi
ccc,cccc
trees,tres
pull,pul
transexual,transsexual
hall,hal
bol,boll
joss,jos
pratt,prat
danielle,daniele
dimmers,dimers
bos,boos
wonderful,wonderfull
care,carre
noaa,noa
nano,nanno
hoops,hops
arran,aran
dowell,dowel
ipp,ippp
nodding,noding
glaser,glasser
cole,colle
scraping,scrapping
gan,gann
nnn,nnnn
reeve,reve
sin,sinn
channel,chanel
apartments,appartments
snorkeling,snorkelling
wilson,willson
yyyy,yyy
hanes,hannes
naar,nar
los,loos
ahh,ahhh
mile,mille
message,messsage
gallant,galant
sontag,sonntag
mac,macc
seem,sem
tons,toons
sep,seep
ase,asee
aimee,aime
zak,zakk
bets,beets
jet,jett
rul,rull
mary,marry
galleries,galeries
natale,natalee
scoop,scop
hanover,hannover
princess,princes
forest,forrest
anti,antti
buffet,buffett
stripped,striped
wer,weer
mcclain,mclain
benning,bening
tariffs,tarifs
net,nett
canon,cannon
brat,bratt
illegal,ilegal
cot,coot
kel,kell
neumann,neuman
maf,maff
booker,boker
cala,calla
callum,calum
brit,britt
nel,neel
vale,valle
santee,sante
els,eels
sinful,sinfull
refugees,refuges
brinkmann,brinkman
paso,passo
bhat,bhatt
bir,birr
chico,chicco
harassing,harrassing
rabbi,rabi
esa,essa
focused,focussed
until,untill
robbins,robins
glynn,glyn
poly,polly
matt,mat
zar,zaar
rigs,riggs
emmanuel,emanuel
kerr,ker
gals,galls
matthew,mathew
rex,rexx
install,instal
den,denn
loop,lop
mcclellan,mclellan
ahhh,ahhhh
rosters,roosters
trip,tripp
anna,ana
hassan,hasan
bree,bre
coney,cooney
cofe,coffe
rob,robb
shin,shinn
necessary,neccessary
sup,supp
mer,meer
reefs,refs
tiger,tigger
johann,johan
top,topp
ddd,dddd
jansen,janssen
devotees,devotes
pena,penna
ver,veer
fleming,flemming
approx,aprox
trax,traxx
fills,fils
matson,mattson
cheek,chek
oops,ooops
ref,reef
refer,reefer
preferred,prefered
zimmerman,zimmermann
telecom,telecomm
done,donne
dining,dinning
lcs,llcs
lemon,lemmon
freestanding,ffreestanding
lean,leann
spell,spel
sap,sapp
asi,assi
nnrp,nrp
ella,ela
leveling,levelling
usa,usaa
alle,ale
red,redd
villas,vilas
don,doon
refugee,refuge
misa,missa
took,tok
mbs,mbbs
fulfill,fulfil
revell,revel
michel,michell
has,haas
picard,piccard
accu,acu
dammit,damit
map,mapp
eddie,edie
bif,biff
reis,reiss
larson,larsson
sana,sanaa
trot,trott
pos,poss
iib,iiib
committed,commited
traveler,traveller
shen,sheen
gabrielle,gabriele
uid,uuid
pollen,polen
ben,benn
netcom,netcomm
mote,motte
star,starr
sulla,sula
unfilled,unfiled
cornet,cornett
albatross,albatros
radii,radi
philip,phillip
plate,platte
bon,bonn
ama,amma
fool,fol
canvas,canvass
roots,rots
aces,acces
han,hann
chess,ches
referred,refered
matthews,mathews
adams,addams
already,allready
niger,nigger
useful,usefull
ike,ikke
payee,paye
renee,rene
con,coon
sorrento,sorento
colocation,collocation
butte,bute
map,mmap
comer,commer
hello,helo
wells,wels
excellent,excelent
mannheim,manheim
matthias,mathias
tapping,taping
afx,affx
foss,fos
cres,cress
penne,pene
bat,batt
burnett,burnet
han,haan
bon,boon
por,porr
montpelier,montpellier
possible,posible
sta,staa
bennett,bennet
cool,col
sas,sass
hale,halle
don,donn
wen,ween
mol,mmol
xix,xxix
toll,tol
marshals,marshalls
interracial,interacial
her,herr
mot,mott
cells,cels
satellite,satelite
mar,marr
res,rees
kar,karr
kom,komm
include,iinclude
ccnp,cnp
kaufman,kauffman
jazz,jaz
filler,filer
coef,coeff
business,bussiness
xxxix,xxix
hotel,hotell
giles,gilles
gary,garry
proof,prof
noll,nol
sil,sill
com,comm
cbc,cbbc
anderson,andersson
tal,taal
none,noone
suc,succ
tas,tass
philip,philipp
kill,kil
chill,chil
model,modell
credence,creedence
garnet,garnett
ally,aly
pits,pitts
combs,coombs
programa,programma
anno,ano
chase,chasse
cooley,coley
aaa,aaaa
suwannee,suwanee
fill,fil
chappelle,chapelle
aaliyah,aliyah
always,allways
poison,poisson
vii,viii
seeks,seks
mum,mumm
les,lees
coffee,coffe
lit,litt
miller,miler
kwanzaa,kwanza
peter,petter
scherer,scherrer
man,mann
lloyd,loyd
pots,potts
lucille,lucile
allo,alo
marriott,mariott
arse,arrse
cana,canna
ast,asst
ils,ills
pet,peet
kit,kitt
haley,halley
dhs,dhhs
ost,oost
rollo,rolo
carlson,carlsson
sgt,ssgt
rig,rigg
hut,hutt
eso,esso
bus,buss
saville,savile
mos,moos
personal,personnal
trap,trapp
monsoon,monson
logins,loggins
bison,bisson
hog,hogg
scarring,scaring
bony,bonny
gases,gasses
labeling,labelling
dal,dall
hanna,hana
sorel,sorrel
modeled,modelled
tapped,taped
wilcox,willcox
acc,aacc
xii,xiii
phar,pharr
wall,wal
ala,alla
nity,nitty
janson,jansson
ads,adds
har,harr
plats,platts
seen,sen
mouse,mousse
heft,heeft
eggs,egs
cmi,cmmi
mot,moot
dre,dree
accommodation,accomodation
mite,mitte
fog,fogg
entre,entree
bebe,beebe
fen,fenn
elisa,elissa
ten,tenn
dupree,dupre
alston,allston
jess,jes
weep,wep
accommodations,accomodations
donna,dona
moffat,moffatt
shh,shhh
russell,russel
camilla,camila
bella,bela
enrollment,enrolment
lon,loon
bydd,byd
bill,bil
keri,kerri
well,wel
gem,gemm
faithful,faithfull
coral,corral
doty,dotty
pad,padd
total,totaal
tim,timm
willful,wilful
saab,sab
non,noon
plc,pllc
lynne,lyne
labeled,labelled
person,persson
bob,boob
really,realy
kos,koss
skillful,skilful
roca,rocca
ross,ros
aai,aaai
jeweler,jeweller
alles,ales
flats,flatts
gravely,gravelly
miko,mikko
galeon,galleon
raping,rapping
personnel,personel
titties,tities
las,lass
bass,bas
nummer,numer
roland,rolland
tommy,tomy
directv,directtv
bergman,bergmann
assad,asad
hof,hoof
tubs,tubbs
gre,gree
oli,olli
good,god
steer,ster
dig,digg
hart,haart
abby,abbyy
hazard,hazzard
aps,aaps
walla,wala
look,lok
shaffer,shafer
desire,desiree
gamma,gama
altoona,altona
sloop,slop
marques,marquees
psp,pspp
silla,sila
rider,ridder
fee,feee
mira,mirra
bees,bes
det,deet
tes,tess
full,ful
mod,mood
jugs,juggs
atc,atcc
ddbj,dbj
ter,terr
barra,bara
knot,knott
telefon,telefoon
galleria,galeria
rouse,rousse
soto,sotto
hos,hoss
petit,pettit
wendell,wendel
ness,nes
cctv,ctv
satelite,sattelite
kale,kalle
lenox,lennox
dome,domme
somers,sommers
beg,begg
rudy,ruddy
patton,paton
nam,namm
losses,loses
derrick,derick
ruff,ruf
whitaker,whittaker
pit,pitt
wooden,woden
elle,ele
acc,accc
ops,opps
fees,fes
par,paar
bubble,buble
ide,idee
weil,weill
sas,saas
bot,bott
wap,wapp
raf,raaf
blass,blas
wee,weee
ely,elly
tooting,toting
minnow,minow
tooth,toth
michelle,michele
savanna,savana
shanxi,shaanxi
fin,finn
tore,torre
beautiful,beautifull
cartoon,carton
room,rom
sps,spss
cassell,cassel
vil,vill
eda,edda
seuss,seus
arianna,ariana
rhonda,rhondda
dimmer,dimer
rosa,rossa
bal,baal
role,rolle
jeez,jez
heed,hed
keegan,kegan
can,caan
bare,barre
both,booth
syd,sydd
feed,fed
elo,ello
timeliness,timelines
kazaa,kaza
beckett,becket
wwii,wwi
sig,siig
lynnwood,lynwood
abbott,abbot
del,dell
putter,puter
whaley,whalley
stripping,striping
balloon,ballon
hoch,hooch
gas,gaas
deed,ded
program,programm
corinna,corina
tia,tiaa
biddeford,bideford
success,succes
willy,wily
joan,joann
holy,holly
hess,hes
sec,secc
coke,cooke
denne,dene
culpepper,culpeper
tip,tipp
breton,bretton
attr,atr
greenville,grenville
tone,tonne
strep,streep
terri,teri
cheer,cher
xiv,xxiv
den,deen
yada,yadda
some,somme
masse,mase
dem,deem
plc,plcc
ville,vile
calle,cale
gloss,glos
tem,teem
peeps,peps
noob,nob
fes,fess
mattress,matress
triple,tripple
russ,rus
troll,trol
gun,gunn
gato,gatto
ace,acce
finland,finnland
atoll,atol
tranny,trany
mahjong,mahjongg
lotto,loto
trustee,truste
cannes,canes
bab,babb
kannada,kanada
address,adress
loox,lox
angel,angell
pure,puree
weissman,weisman
briana,brianna
emma,ema
step,steep
aca,acca
photoes,photoess
matted,mated
nes,nees
mill,mil
cms,cmms
tenant,tennant
loser,looser
cap,capp
ragged,raged
vos,voss
writing,writting
dos,ddos
nose,noose
beginning,begining
holiday,holliday
gal,gall
haag,hag
reds,reeds
fullness,fulness
mapa,mappa
deep,dep
bats,batts
devote,devotee
aia,aiaa
mun,munn
carol,carrol
benefited,benefitted
doolittle,dolittle
maarten,marten
haggerty,hagerty
ship,shipp
fuck,fuckk
arp,aarp
franchises,franchisees
britton,briton
crab,crabb
goog,gog
johansson,johanson
ball,bal
bell,bel
marcelo,marcello
yacc,yac
plat,platt
traveling,travelling
das,dass
goff,gof
cas,cass
fre,frre
schaffer,schafer
diggs,digs
press,pres
voor,vor
pola,polla
llamas,lamas
marisa,marissa
ellie,elie
feel,fel
xvii,xxvii
referring,refering
fury,furry
sale,salle
hill,hil
warren,waren
enroll,enrol
cartoons,cartons
discuss,discus
cannons,canons
baumann,bauman
home,homme
mcneil,mcneill
misses,mises
notts,nots
tar,tarr
express,expres
stripper,striper
skill,skil
strauss,straus
cullman,cullmann
nel,nell
heisse,heise
embarrassing,embarassing
jagger,jager
toole,tole
tull,tul
lets,letts
emmett,emmet
ppd,pppd
homes,hommes
loreto,loretto
meek,mek
councillor,councilor
mohammed,mohamed
abel,abell
yon,yoon
accessories,accesories
apn,appn
totally,totaly
keenan,kenan
jap,jaap
ingress,ingres
bukake,bukakke
sim,simm
issn,isn
addresses,adresses
moores,mores
apartment,appartment
her,heer
set,sett
dob,dobb
totaling,totalling
the,thee
ooh,oooh
batista,battista
goss,gos
sho,shoo
earrings,earings
har,haar
kid,kidd
door,dor
carries,caries
polo,pollo
recomend,reccomend
tattoo,tatoo
elwood,ellwood
war,waar
sammy,samy
melee,mele
per,peer
dune,dunne
kroon,kron
hanson,hansson
cancelled,canceled
nichols,nicholls
kes,kees
refereed,refered
bun,bunn
connor,conor
cobb,cob
dan,dann
nar,narr
asses,ases
hawaii,hawai
fined,finned
call,cal
gram,gramm
dales,dalles
heron,herron
mob,mobb
galen,gallen
fella,fela
sca,scca
senna,sena
still,stil
ret,rett
aww,awww
goode,gode
liters,litters
llp,lllp
bragg,brag
razz,raz
free,freee
broker,brooker
fitzsimmons,fitzsimons
allison,alison
desert,dessert
loss,los
jug,jugg
xxiii,xxxiii
brittany,britany
mitchell,mitchel
speed,sped
asn,assn
dells,dels
installments,instalments
bizarr,bizar
bennet,benet
guinness,guiness
http,htp
tees,tes
beer,ber
harriet,harriett
gull,gul
scott,scot
roll,rol
his,hiss
duval,duvall
winning,wining
antal,aantal
weber,webber
curtis,curtiss
citta,cita
honore,honoree
als,alls
cord,coord
lap,lapp
councillors,councilors
steel,stel
philips,phillips
cie,ccie
jost,joost
spas,spass
grr,grrr
abr,abbr
vela,vella
fueled,fuelled
sony,sonny
xxi,xxxi
oooh,ooooh
cellular,celular
appl,apl
wagoner,waggoner
schumann,schuman
sooo,soooo
phillipsburg,philipsburg
pole,poole
dragon,dragoon
ooo,oooo
dame,damme
boggs,bogs
lorie,lorrie
tool,tol
fredonia,freedonia
pptp,ptp
mel,mell
yep,yepp
fennel,fennell
brazilian,brazillian
win,winn
bes,bess
poll,pol
debi,debbi
tiff,tif
patterson,paterson
raccoon,racoon
occasions,occassions
cur,curr
stag,stagg
lotte,lote
web,webb
forrester,forester
shepard,sheppard
woolly,wooly
nam,naam
xiii,xxiii
remodeling,remodelling
ind,innd
cus,cuss
cor,corr
dani,danni
dcc,dccc
excel,excell
null,nul
ieee,iee
rat,ratt
jel,jell
rok,rook
sees,ses
crass,cras
bone,boone
olson,olsson
free,fre
mulan,mullan
jeanine,jeannine
feeds,feds
brett,bret
gant,gantt
alot,allot
xxl,xxxl
yahoo,yaho
gwynn,gwyn
more,moore
aladdin,aladin
mol,moll
patter,pater
pat,patt
moses,mosses
irc,iirc
ricardo,riccardo
hoping,hopping
hobbs,hobs
otto,oto
led,leed
wed,weed
hop,hoop
desserts,deserts
lin,linn
marquee,marque
yaakov,yakov
nas,nass
hell,hel
ven,venn
cumming,cuming
rod,rood
rab,raab
focusing,focussing
eng,engg
dim,dimm
hmm,hmmm
momma,moma
pickett,picket
pps,ppps
need,ned
can,cann
apr,appr
doll,dol
refueling,refuelling
rsp,rrsp
jonsson,jonson
pools,pols
anu,annu
lily,lilly
boost,bost
cdb,cddb
apres,apress
beers,bers
judd,jud
less,les
wot,woot
boz,booz
ree,rree
deny,denny
phil,phill
rna,rrna
harold,harrold
castell,castel
swan,swann
calls,cals
eeprom,eprom
parrot,parrott
meets,mets
fillers,filers
totaled,totalled
was,waas
woollen,wollen
bogle,boggle
grabber,graber
stared,starred
wynn,wyn
fleet,flet
shiite,shite
helpful,helpfull
pop,poop
will,wil
welcome,wellcome
worshipped,worshiped
libelous,libellous
colley,coley
cop,coop
leg,legg
jenna,jena
carry,cary
mat,maat
begs,beggs
filed,filled
kendall,kendal
bite,bitte
nun,nunn
dlls,dls
jin,jinn
innova,inova
fet,fett
alana,alanna
grills,grils
gerard,gerrard
sutter,suter
sip,sipp
wolf,woolf
greg,gregg
referrer,referer
doomed,domed
jennifer,jenifer
gsn,ggsn
beep,bep
scooped,scoped
danny,dany
sdi,ssdi
weiss,weis
marriage,mariage
scarlet,scarlett
manila,manilla
magi,maggi
gof,goof
hoped,hopped
mas,maas
beta,betta
darin,darrin
she,shee
der,deer
counselor,counsellor
gills,gils
wool,wol
fillet,filet
poses,posses
clef,cleef
let,lett
bello,belo
goggle,gogle
groupee,groupe
food,fod
grim,grimm
leeds,leds
aaron,aron
farah,farrah
xxx,xxxx
below,bellow
masai,maasai
canceling,cancelling
schaefer,schaeffer
rediff,redif
bet,bett
wen,wenn
ali,alli
dut,dutt
salon,saloon
fall,fal
allen,alen
mina,minna
super,supper
who,whoo
gibb,gib
equipped,equiped
cul,cull
stubs,stubbs
submitted,submited
planning,planing
acco,aco
harlem,haarlem
lun,lunn
tos,toss
coming,comming
nas,naas
elliott,elliot
sell,sel
bonner,boner
rds,rrds
appel,apel
lata,latta
sol,soll
eee,eeee
ral,rall
retirees,retires
sera,serra
planner,planer
mossel,mosel
ham,hamm
ity,itty
pill,pil
asb,aasb
medio,meedio
marvel,marvell
bci,bbci
chaffee,chafee
napa,nappa
tell,tel
mpa,mpaa
dom,doom
grass,gras
reggio,regio
odds,ods
iia,iiia
iso,isso
pen,penn
pal,pall
sad,saad
cafe,caffe
starring,staring
macros,macross
bazaar,bazar
feet,fet
orf,orff
wolf,wolff
terra,tera
mellon,melon
papas,pappas
cunny,cuny
salaam,salam
pass,pas
book,bok
mats,matts
bop,bopp
colette,collette
iii,iiii
iaf,iaaf
root,rot
quattro,quatro
bull,bul
fixed,ffixed
huff,huf
endo,enddo
men,meen
offs,ofs
inno,ino
gabriella,gabriela
legge,lege
quinn,quin
mallet,mallett
tcd,tcdd
buses,busses
denison,dennison
signaled,signalled
losing,loosing
metre,mettre
ohh,ohhh
randall,randal
business,busines
apl,aapl
winner,winer
occasion,occassion
heel,hel
summa,suma
dod,dodd
bool,bol
noting,notting
terre,tere
ins,inns
pop,popp
broke,brooke
col,coll
allen,alleen
wiley,willey
bud,budd
dor,dorr
novel,novell
ecs,eecs
scho,schoo
csa,cssa
filing,filling
canning,caning
mon,moon
boss,bos
successful,succesful
hummus,humus
ses,sess
jewelers,jewellers
harassment,harrassment
acs,accs
rap,rapp
mate,matte
alyson,allyson
apps,aps
lehman,lehmann
embarrassed,embarassed
troop,trop
tary,tarry
from,fromm
fff,ffff
hola,holla
annual,anual
comittment,committment
xxii,xxxii
ltte,lte
war,warr
roommates,roomates
grill,gril
core,corre
mods,moods
grupo,gruppo
oly,olly
daryl,darryl
neff,nef
